Query_ID	Target_ID	Optimal_offset	p-value	E-value	q-value	Overlap	Query_consensus	Target_consensus	Orientation
1-CCASYAGRKGGCRSYVBNG	MA0139.2	1	9.79395e-12	2.29766e-08	4.58832e-08	14	CCACCAGGGGGCGCCAGAG	GCCACCAGGGGGCGC	+
1-CCASYAGRKGGCRSYVBNG	MA1930.2	19	1.09579e-06	0.00257073	0.00256682	14	CCACCAGGGGGCGCCAGAG	CTGCAGTTCCCCCTTCTGGCCACTAGGGGGCGC	+
1-CCASYAGRKGGCRSYVBNG	MA1929.2	18	1.36556e-05	0.0320359	0.0191228	13	CCACCAGGGGGCGCCAGAG	CTGCAGTTCCAGCTGTGGCCACCAGGGGGCG	+
1-CCASYAGRKGGCRSYVBNG	MA1102.3	-4	1.63273e-05	0.0383039	0.0191228	8	CCACCAGGGGGCGCCAGAG	CAGGGGGC	+
1-CCASYAGRKGGCRSYVBNG	MA0531.2	-4	2.09926e-05	0.0492486	0.0196694	10	CCACCAGGGGGCGCCAGAG	TAGATGGCGC	+
2-AAAAAAAAAAAAAAWAAARA	MA1274.1	1	4.36978e-09	1.02515e-05	2.04743e-05	20	AAAAAAAAAAAAAAAAAAAA	AAAAAAAAAAAAAAAAGTAAA	-
2-AAAAAAAAAAAAAAWAAARA	MA1281.2	0	9.16084e-09	2.14913e-05	2.14612e-05	19	AAAAAAAAAAAAAAAAAAAA	AAAAAGTAAAAAAAAAAAA	+
2-AAAAAAAAAAAAAAWAAARA	MA1267.2	0	4.2095e-08	9.87549e-05	5.06368e-05	19	AAAAAAAAAAAAAAAAAAAA	AAAAAGTAAAAAAAAAAAA	-
2-AAAAAAAAAAAAAAWAAARA	MA1268.2	0	4.32292e-08	0.000101416	5.06368e-05	20	AAAAAAAAAAAAAAAAAAAA	AAAAAAAAAAGAAAAAGTGAA	-
2-AAAAAAAAAAAAAAWAAARA	MA1278.2	0	2.68092e-06	0.00628944	0.00251225	17	AAAAAAAAAAAAAAAAAAAA	AAAAAGTAAAAAAAAAA	-
2-AAAAAAAAAAAAAAWAAARA	MA1125.2	-5	6.48737e-06	0.0152194	0.00506602	8	AAAAAAAAAAAAAAAAAAAA	AAAAAAAA	+
2-AAAAAAAAAAAAAAWAAARA	MA1279.2	-3	3.18389e-05	0.0746942	0.0213113	16	AAAAAAAAAAAAAAAAAAAA	AAAAGAAAAAGTGAAA	+
2-AAAAAAAAAAAAAAWAAARA	MA2108.1	-4	3.72096e-05	0.0872937	0.0217928	6	AAAAAAAAAAAAAAAAAAAA	AAAAAA	+
4-GCTGCAGTTCCCVSN	MA1930.2	-1	6.70142e-06	0.0157215	0.0314431	14	GCTGCAGTTCCCACC	CTGCAGTTCCCCCTTCTGGCCACTAGGGGGCGC	+
5-CCCCDCCCCRCCCCS	MA0039.5	-5	9.09328e-07	0.00213328	0.004235	8	CCCCACCCCACCCCC	CCCCACCC	+
5-CCCCDCCCCRCCCCS	MA0425.2	-5	3.10372e-06	0.00728132	0.00722745	6	CCCCACCCCACCCCC	CCCCAC	+
5-CCCCDCCCCRCCCCS	MA1630.3	-5	5.92493e-06	0.0138999	0.00749252	10	CCCCACCCCACCCCC	CCCCTCCCCC	-
5-CCCCDCCCCRCCCCS	MA1653.2	-5	6.43509e-06	0.0150967	0.00749252	10	CCCCACCCCACCCCC	CCCCTCCCCC	+
5-CCCCDCCCCRCCCCS	MA1893.1	0	1.13507e-05	0.0266288	0.00929985	15	CCCCACCCCACCCCC	CCCCGCCACGCCCACCCCCC	+
5-CCCCDCCCCRCCCCS	MA1890.1	1	1.48708e-05	0.034887	0.00929985	15	CCCCACCCCACCCCC	CCCCCCCCACGCCCCCCCCCCC	+
5-CCCCDCCCCRCCCCS	MA0073.2	0	1.58592e-05	0.0372058	0.00929985	15	CCCCACCCCACCCCC	CCCCAAACCACCCCCCCCC	+
5-CCCCDCCCCRCCCCS	MA1511.2	0	1.59747e-05	0.0374767	0.00929985	9	CCCCACCCCACCCCC	CCCCGCCCC	-
5-CCCCDCCCCRCCCCS	MA0079.5	0	2.32396e-05	0.0545201	0.0108233	9	CCCCACCCCACCCCC	CCCCGCCCC	-
5-CCCCDCCCCRCCCCS	MA0742.2	0	2.32396e-05	0.0545201	0.0108233	9	CCCCACCCCACCCCC	CCCCGCCCC	-
5-CCCCDCCCCRCCCCS	MA0516.3	0	2.57239e-05	0.0603483	0.0108912	9	CCCCACCCCACCCCC	CCCCGCCCC	-
5-CCCCDCCCCRCCCCS	MA0685.2	0	2.82761e-05	0.0663358	0.0109742	9	CCCCACCCCACCCCC	CCCCGCCCC	-
5-CCCCDCCCCRCCCCS	MA0740.2	0	3.66008e-05	0.0858655	0.0131123	9	CCCCACCCCACCCCC	CCCCGCCCC	-
5-CCCCDCCCCRCCCCS	MA0493.3	-5	4.39685e-05	0.10315	0.0146267	8	CCCCACCCCACCCCC	CCCCGCCC	-
5-CCCCDCCCCRCCCCS	MA0599.1	1	5.82309e-05	0.13661	0.0180799	9	CCCCACCCCACCCCC	GCCCCGCCCC	+
5-CCCCDCCCCRCCCCS	MA2280.1	-4	9.64776e-05	0.226336	0.0280827	11	CCCCACCCCACCCCC	GCCCCGCCCAC	+
5-CCCCDCCCCRCCCCS	MA1961.2	-4	0.000104671	0.245558	0.0285226	11	CCCCACCCCACCCCC	CCCCCGCCCCC	-
5-CCCCDCCCCRCCCCS	MA1959.2	0	0.000110237	0.258616	0.0285226	8	CCCCACCCCACCCCC	CCCCGCCC	-
5-CCCCDCCCCRCCCCS	MA1513.2	0	0.000147451	0.345921	0.0361434	8	CCCCACCCCACCCCC	CCCCGCCC	+
5-CCCCDCCCCRCCCCS	MA2328.1	-1	0.000182823	0.428904	0.042573	10	CCCCACCCCACCCCC	CCCGCCCCGC	+
5-CCCCDCCCCRCCCCS	MA1522.2	-5	0.000219213	0.514274	0.0486161	8	CCCCACCCCACCCCC	CCCCTCCC	+
8-GCCTCAGYTTCCCYVKC	MA1596.1	0	9.77332e-06	0.0229282	0.0458564	16	GCCTCAGTTTCCCCGGC	GCCTCAGCCTCCCGAG	+
12-CCTTCCYTCCCTCCCY	MA0149.1	0	3.04804e-07	0.000715069	0.00143014	16	CCTTCCTTCCCTCCCC	CCTTCCTTCCTTCCTTCC	-
13-ATTCATTCATTCATT	MA1124.1	1	3.85096e-07	0.000903435	0.00180687	12	ATTCATTCATTCATT	CATTCATTCATTC	+
15-CCCCGCCCCCGCCCC	MA1833.2	-2	2.6837e-06	0.00629597	0.00461238	11	CCCCGCCCCCGCCCC	CCGCCGCCGCC	+
15-CCCCGCCCCCGCCCC	MA0516.3	0	4.65108e-06	0.0109114	0.00461238	9	CCCCGCCCCCGCCCC	CCCCGCCCC	-
15-CCCCGCCCCCGCCCC	MA0742.2	0	4.65108e-06	0.0109114	0.00461238	9	CCCCGCCCCCGCCCC	CCCCGCCCC	-
15-CCCCGCCCCCGCCCC	MA1893.1	5	5.46915e-06	0.0128306	0.00461238	15	CCCCGCCCCCGCCCC	CCCCGCCACGCCCACCCCCC	+
15-CCCCGCCCCCGCCCC	MA1511.2	0	5.87161e-06	0.0137748	0.00461238	9	CCCCGCCCCCGCCCC	CCCCGCCCC	-
15-CCCCGCCCCCGCCCC	MA1890.1	6	8.06959e-06	0.0189313	0.00461238	15	CCCCGCCCCCGCCCC	CCCCCCCCACGCCCCCCCCCCC	+
15-CCCCGCCCCCGCCCC	MA0079.5	0	8.09985e-06	0.0190023	0.00461238	9	CCCCGCCCCCGCCCC	CCCCGCCCC	-
15-CCCCGCCCCCGCCCC	MA1513.2	-6	9.02786e-06	0.0211794	0.00461238	8	CCCCGCCCCCGCCCC	CCCCGCCC	+
15-CCCCGCCCCCGCCCC	MA1630.3	0	1.05761e-05	0.0248115	0.00461238	10	CCCCGCCCCCGCCCC	CCCCTCCCCC	-
15-CCCCGCCCCCGCCCC	MA0685.2	-6	1.27817e-05	0.0299858	0.00461238	9	CCCCGCCCCCGCCCC	CCCCGCCCC	-
15-CCCCGCCCCCGCCCC	MA2022.2	-2	1.29357e-05	0.0303471	0.00461238	13	CCCCGCCCCCGCCCC	CCGCCGCCGCCGC	+
15-CCCCGCCCCCGCCCC	MA0740.2	0	1.44617e-05	0.0339271	0.00461238	9	CCCCGCCCCCGCCCC	CCCCGCCCC	-
15-CCCCGCCCCCGCCCC	MA1653.2	0	1.45463e-05	0.0341257	0.00461238	10	CCCCGCCCCCGCCCC	CCCCTCCCCC	+
15-CCCCGCCCCCGCCCC	MA1817.2	-3	1.59319e-05	0.0373763	0.00461238	10	CCCCGCCCCCGCCCC	CGCCGCCGCC	+
15-CCCCGCCCCCGCCCC	MA1821.2	-3	1.59319e-05	0.0373763	0.00461238	10	CCCCGCCCCCGCCCC	CGCCGCCGCC	-
15-CCCCGCCCCCGCCCC	MA1818.1	-3	1.80248e-05	0.0422862	0.00461238	10	CCCCGCCCCCGCCCC	CGCCGCCGCC	+
15-CCCCGCCCCCGCCCC	MA1832.2	-3	1.80248e-05	0.0422862	0.00461238	10	CCCCGCCCCCGCCCC	CGCCGCCGCC	+
15-CCCCGCCCCCGCCCC	MA2416.1	-4	1.80248e-05	0.0422862	0.00461238	10	CCCCGCCCCCGCCCC	GCCGCCGCCC	+
15-CCCCGCCCCCGCCCC	MA1961.2	1	2.36773e-05	0.0555469	0.00573991	10	CCCCGCCCCCGCCCC	CCCCCGCCCCC	-
15-CCCCGCCCCCGCCCC	MA1242.1	-2	2.86964e-05	0.0673219	0.00660883	11	CCCCGCCCCCGCCCC	CCGCCACCGCC	+
15-CCCCGCCCCCGCCCC	MA1959.2	0	3.14984e-05	0.0738952	0.00690869	8	CCCCGCCCCCGCCCC	CCCCGCCC	-
15-CCCCGCCCCCGCCCC	MA1564.2	0	4.38114e-05	0.102781	0.00879773	10	CCCCGCCCCCGCCCC	CCACGCCCCC	+
15-CCCCGCCCCCGCCCC	MA1264.2	-2	4.39311e-05	0.103062	0.00879773	13	CCCCGCCCCCGCCCC	CCGCCGCCGCCGC	-
15-CCCCGCCCCCGCCCC	MA2280.1	1	4.86016e-05	0.114019	0.00932753	10	CCCCGCCCCCGCCCC	GCCCCGCCCAC	+
15-CCCCGCCCCCGCCCC	MA1228.2	-2	5.64038e-05	0.132323	0.010103	13	CCCCGCCCCCGCCCC	CCGCCGCCGCCGC	-
15-CCCCGCCCCCGCCCC	MA2279.1	-1	5.92226e-05	0.138936	0.010103	9	CCCCGCCCCCGCCCC	CACGCCCAC	+
15-CCCCGCCCCCGCCCC	MA0443.2	-1	5.92226e-05	0.138936	0.010103	9	CCCCGCCCCCGCCCC	TCCGCCCCC	-
15-CCCCGCCCCCGCCCC	MA2408.1	0	6.1526e-05	0.14434	0.0101211	12	CCCCGCCCCCGCCCC	CCGGGCCCCCAC	+
15-CCCCGCCCCCGCCCC	MA1820.2	-3	7.00467e-05	0.16433	0.0111254	9	CCCCGCCCCCGCCCC	CGCCGCCGC	+
15-CCCCGCCCCCGCCCC	MA0493.3	0	7.62096e-05	0.178788	0.011642	8	CCCCGCCCCCGCCCC	CCCCGCCC	-
15-CCCCGCCCCCGCCCC	MA1262.2	-2	7.83543e-05	0.183819	0.011642	13	CCCCGCCCCCGCCCC	CCTCCGCCGCCGC	+
15-CCCCGCCCCCGCCCC	MA1239.2	1	9.17195e-05	0.215174	0.0128019	15	CCCCGCCCCCGCCCC	CCGCCGCCGCCGCCGC	+
15-CCCCGCCCCCGCCCC	MA0741.1	1	9.31927e-05	0.21863	0.0128019	10	CCCCGCCCCCGCCCC	GCCACGCCCCC	+
15-CCCCGCCCCCGCCCC	MA1247.2	-3	9.44987e-05	0.221694	0.0128019	10	CCCCGCCCCCGCCCC	CGCCGCCGCC	-
15-CCCCGCCCCCGCCCC	MA1240.2	-2	0.000100407	0.235555	0.0132137	10	CCCCGCCCCCGCCCC	CCGCCGCCGC	+
15-CCCCGCCCCCGCCCC	MA1246.2	-3	0.000117844	0.276463	0.0146701	10	CCCCGCCCCCGCCCC	CGCCGCCGCC	+
15-CCCCGCCCCCGCCCC	MA1000.3	-2	0.000117844	0.276463	0.0146701	10	CCCCGCCCCCGCCCC	CCGCCGCCGC	-
15-CCCCGCCCCCGCCCC	MA1257.2	3	0.000137638	0.322899	0.0166833	15	CCCCGCCCCCGCCCC	CGCCGCCGCCACCGCCGCC	-
15-CCCCGCCCCCGCCCC	MA1252.2	-2	0.000146852	0.344514	0.0173437	10	CCCCGCCCCCGCCCC	CCGCCGCCGC	+
15-CCCCGCCCCCGCCCC	MA1512.2	0	0.000152732	0.358308	0.0175872	10	CCCCGCCCCCGCCCC	CCACGCCCAC	+
15-CCCCGCCCCCGCCCC	MA0162.5	-2	0.000158646	0.372184	0.0178226	10	CCCCGCCCCCGCCCC	ACGCCCACGC	+
15-CCCCGCCCCCGCCCC	MA2013.2	-2	0.000167099	0.392015	0.0183254	11	CCCCGCCCCCGCCCC	TCGCCGCCGCA	+
15-CCCCGCCCCCGCCCC	MA2132.1	-3	0.000181767	0.426426	0.0194703	8	CCCCGCCCCCGCCCC	CGCCCACG	+
15-CCCCGCCCCCGCCCC	MA0976.3	-2	0.000208668	0.489535	0.0218439	10	CCCCGCCCCCGCCCC	CCGCCGCCAC	+
15-CCCCGCCCCCGCCCC	MA1001.4	-2	0.000229849	0.539225	0.0235265	10	CCCCGCCCCCGCCCC	CCGCCGCCAC	+
15-CCCCGCCCCCGCCCC	MA1753.2	1	0.000238512	0.559549	0.0238825	13	CCCCGCCCCCGCCCC	CCACCGCCGCCGCC	+
15-CCCCGCCCCCGCCCC	MA1515.2	0	0.000248158	0.582178	0.0243196	8	CCCCGCCCCCGCCCC	CCACGCCC	+
15-CCCCGCCCCCGCCCC	MA1250.2	1	0.000266342	0.624838	0.0255579	13	CCCCGCCCCCGCCCC	CCACCTCCACCGCC	+
15-CCCCGCCCCCGCCCC	MA0599.1	1	0.000279664	0.656091	0.0262886	9	CCCCGCCCCCGCCCC	GCCCCGCCCC	+
15-CCCCGCCCCCGCCCC	MA1627.2	-2	0.000299196	0.701914	0.0271422	10	CCCCGCCCCCGCCCC	CCTCCCCCAC	+
15-CCCCGCCCCCGCCCC	MA0039.5	0	0.000309592	0.726303	0.0271422	8	CCCCGCCCCCGCCCC	CCCCACCC	+
15-CCCCGCCCCCGCCCC	MA1245.3	-2	0.000310582	0.728626	0.0271422	9	CCCCGCCCCCGCCCC	CCGCCGCCG	+
15-CCCCGCCCCCGCCCC	MA1225.1	-2	0.000312315	0.732692	0.0271422	13	CCCCGCCCCCGCCCC	CCACCGCCGCCGCCA	+
15-CCCCGCCCCCGCCCC	MA1226.2	1	0.000339995	0.797628	0.0285977	13	CCCCGCCCCCGCCCC	CCACCGCCTCCACC	-
15-CCCCGCCCCCGCCCC	MA1005.3	-2	0.000341482	0.801116	0.0285977	9	CCCCGCCCCCGCCCC	CCGCCGCCG	+
15-CCCCGCCCCCGCCCC	MA1819.2	-3	0.000352739	0.827526	0.029013	8	CCCCGCCCCCGCCCC	CGCCGCCG	+
15-CCCCGCCCCCGCCCC	MA1671.2	-2	0.000389616	0.914038	0.0314839	8	CCCCGCCCCCGCCCC	CCGCCGCC	+
15-CCCCGCCCCCGCCCC	MA1221.1	-2	0.000414312	0.971975	0.0329023	13	CCCCGCCCCCGCCCC	CCTCCGCCGCCGCCA	-
15-CCCCGCCCCCGCCCC	MA0746.3	1	0.000423132	0.992667	0.0330332	10	CCCCGCCCCCGCCCC	GCCACGCCCAC	+
15-CCCCGCCCCCGCCCC	MA0732.2	-2	0.000466177	1.09365	0.0357871	11	CCCCGCCCCCGCCCC	ACGCCCACGCA	+
15-CCCCGCCCCCGCCCC	MA1522.2	0	0.000541761	1.27097	0.0403436	8	CCCCGCCCCCGCCCC	CCCCTCCC	+
15-CCCCGCCCCCGCCCC	MA0123.1	0	0.000551808	1.29454	0.0403436	10	CCCCGCCCCCGCCCC	CGGTGCCCCC	+
15-CCCCGCCCCCGCCCC	MA0753.3	0	0.000551808	1.29454	0.0403436	10	CCCCGCCCCCGCCCC	CCCCCCCCAC	+
15-CCCCGCCCCCGCCCC	MA0733.2	-2	0.000617927	1.44966	0.0444717	11	CCCCGCCCCCGCCCC	ACGCCCACGCA	+
15-CCCCGCCCCCGCCCC	MA2138.1	-5	0.000657049	1.54144	0.0465598	7	CCCCGCCCCCGCCCC	CCCACGC	+
15-CCCCGCCCCCGCCCC	MA2417.1	0	0.000673479	1.57998	0.047001	10	CCCCGCCCCCGCCCC	CACCGACCCC	+
15-CCCCGCCCCCGCCCC	MA2298.1	1	0.000685075	1.60719	0.0470865	10	CCCCGCCCCCGCCCC	GCCACGCCCAC	+
15-CCCCGCCCCCGCCCC	MA2155.1	-2	0.000695151	1.63082	0.0470865	7	CCCCGCCCCCGCCCC	ACGCCCC	+
16-ACACACACACACACACACAC	MA0538.2	-6	1.23295e-07	0.000289249	0.000578499	14	ACACACACACACACACACAC	ACGCACACACACAC	-
16-ACACACACACACACACACAC	MA2107.1	-6	2.98148e-07	0.000699456	0.000699456	11	ACACACACACACACACACAC	ACACACACACA	+

# Tomtom (Motif Comparison Tool): Version 5.5.9 compiled on May 27 2026 at 12:41:21
# The format of this file is described at https://meme-suite.org/meme/doc/tomtom-output-format.html.
# tomtom -o /home/flp/Projetos/chipseq-analysis/results/tomtom/streme_top25 -no-ssc -verbosity 1 -min-overlap 5 -dist pearson -thresh 0.05 /home/flp/Projetos/chipseq-analysis/results/motifs/streme_top25/streme.txt /home/flp/Projetos/chipseq-analysis/results/tomtom/JASPAR2024_CORE_non-redundant_pfms_meme.txt
